"problem","skill_id","prerequisites","helpful_response","unhelpful_response"
"A recipe calls for 2.5 cups of flour. Jake measured 2 3/4 cups. Did he measure enough flour? Plot both values on a number line and explain how you know.","MA.6.NSO.1.1","","This problem is a wonderful example of comparing decimals and fractions to see which amount is greater, which matches the skill MA.6.NSO.1.1.

Let's break this down step-by-step:

1. **Understand the amounts:**
   - The recipe calls for **2.5 cups** of flour. This is a decimal number, which means 2 and a half cups.
   - Jake measured **2 3/4 cups**. This is a mixed number, meaning 2 whole cups plus 3/4 of a cup.

2. **Compare the amounts:** To decide if Jake measured enough flour, we need to find out which is greater: 2.5 or 2 3/4.

3. **Convert to the same form:** It's easiest to compare by converting both numbers to decimals or fractions.

   - The first number is already a decimal: 2.5
   - Convert 2 3/4 to a decimal:
     - 3/4 means 3 divided by 4 = 0.75
     - So, 2 3/4 = 2 + 0.75 = 2.75

4. **Compare decimals:**
   - Jake's measurement: 2.75 cups
   - Recipe amount: 2.5 cups
   Since 2.75 > 2.5, Jake measured more flour than needed.

5. **Plotting on a number line:**
   - Draw a number line from 2 to 3.
   - Mark 2.5 exactly halfway between 2 and 3.
   - Mark 2.75 three quarters of the way between 2 and 3.

   You will see that 2.75 is to the right of 2.5, which means it is a larger amount.

**Final answer:** Yes, Jake measured enough flour — in fact, he measured **more** flour than the recipe calls for.

Great job working through converting fractions to decimals and comparing amounts! Keep practicing these steps, and you'll get even better at understanding and comparing numbers.","Just think about it logically. You should know which one is bigger without too much trouble. Plotting on a number line is straightforward if you’ve done this kind of thing before. No need to overthink it."
"Mia says that -5, 0.75, and 8/3 are all rational numbers, but her classmate says only 8/3 qualifies because it is written as a fraction. Who is correct? Justify your answer and explain what makes a number rational.","MA.6.NSO.1.1","","This problem is a great example of understanding and identifying rational numbers, which is a key skill in working with numbers and their properties.

Let's break it down step-by-step:

1. **What is a rational number?** A rational number is any number that can be written as a fraction \( \frac{a}{b} \), where \(a\) and \(b\) are integers (whole numbers) and \(b \neq 0\). This means the number can be expressed as a ratio of two whole numbers.

2. **Look at each number Mia mentioned:**
   - \(-5\): Can this be written as a fraction? Yes! \(-5\) is the same as \(\frac{-5}{1}\). Both \(-5\) and \(1\) are integers, so \(-5\) is rational.

   - \(0.75\): Can this be written as a fraction? Yes! \(0.75\) equals \(\frac{75}{100}\), which simplifies to \(\frac{3}{4}\). Since \(3\) and \(4\) are integers and \(4 \neq 0\), \(0.75\) is also rational.

   - \(\frac{8}{3}\): This is clearly a fraction with numerator 8 and denominator 3, both integers and denominator not zero, so it's rational.

3. **Why did Mia’s classmate only say \(\frac{8}{3}\) is rational?**
   The classmate thinks only numbers written explicitly as fractions are rational. But many rational numbers can be written in other ways, like whole numbers or decimals that terminate or repeat. These can all be turned into fractions.

4. **Summary:**
   - A rational number can always be written as a fraction \( \frac{a}{b} \) with integers.
   - \(-5 = \frac{-5}{1}\) and \(0.75 = \frac{3}{4}\) prove that other forms count too.

**Final answer:**
Mia is correct! All three numbers \(-5, 0.75, \text{and } \frac{8}{3}\) are rational numbers because they can each be written as fractions with integer numerators and denominators (except denominator zero).

Great job thinking about different forms of numbers! Keep practicing converting numbers to fractions to strengthen your understanding of rational numbers.","Well, you probably already know the answer if you think about it carefully. It's easy once you remember what rational means. Just trust that the one written as a fraction fits the rule, but maybe there's more to it. Don't overcomplicate things—just keep practicing these kinds of questions."
"A submarine is at -180 feet and a helicopter is hovering at 320 feet. Represent both positions on a vertical number line. What does 0 represent in this context, and how do the two values compare?","MA.6.NSO.1.2","MA.6.NSO.1.1","This problem is a wonderful example of understanding and representing integers on a vertical number line, which is exactly what the skill MA.6.NSO.1.2 focuses on!

Let's break this down step-by-step:

1. **Identify the positions:**
   - The submarine is at -180 feet. This means it is 180 feet *below* sea level.
   - The helicopter is at 320 feet. This means it is 320 feet *above* sea level.

2. **Understand what 0 means:**
   - On the number line, 0 represents sea level. It's our reference point; anything below 0 is below sea level (negative numbers) and anything above 0 is above sea level (positive numbers).

3. **Draw the vertical number line:**
   - Imagine a vertical line with 0 in the middle.
   - Numbers going *up* from 0 show heights above sea level.
   - Numbers going *down* from 0 show depths below sea level.

4. **Plot the positions:**
   - The submarine at -180 means you go 180 units down below 0.
   - The helicopter at 320 means you go 320 units up above 0.

5. **Compare the two values:**
   - Since 320 is positive and -180 is negative, 320 > -180.
   - This tells us the helicopter is higher above sea level, while the submarine is far below sea level.

**To summarize:**
- **0 represents sea level.**
- The submarine is 180 feet below sea level (-180).
- The helicopter is 320 feet above sea level (+320).
- On a vertical number line, the submarine is plotted below zero, and the helicopter is plotted above zero.
- Since 320 is greater than -180, the helicopter is higher relative to sea level than the submarine.

Great job understanding how to use negative and positive integers to represent real-world positions!","Well, this is kind of obvious if you think about it. Just picture where things usually are, and you'll get the idea. Zero is just some kind of reference point you already know. The numbers tell you everything you need, so just look at them and compare. It's really nothing complicated."
"During the morning the temperature was -4°F. By afternoon it rose to 11°F. Plot both temperatures on a number line and compare them.","MA.6.NSO.1.2","MA.6.NSO.1.1","This problem is a wonderful way to practice understanding and working with integers on a number line, which connects directly to the skill MA.6.NSO.1.2. It also builds on what you've learned about positive and negative numbers (MA.6.NSO.1.1). Let's explore how to plot and compare the temperatures step-by-step.

1. **Identify the temperatures to plot:** The morning temperature is -4°F, which means 4 degrees below zero. The afternoon temperature is 11°F, which is 11 degrees above zero.

2. **Draw a number line:** Start by drawing a horizontal line with zero in the middle. To the right of zero, mark positive numbers (like 1, 2, 3, ..., 11). To the left, mark negative numbers (like -1, -2, -3, ..., -4).

3. **Plot the morning temperature (-4°F):** Since -4 is less than zero, move 4 units to the left of zero and place a point there. This point represents the morning temperature.

4. **Plot the afternoon temperature (11°F):** Since 11 is positive, move 11 units to the right of zero and put a point there. This is the afternoon temperature.

5. **Compare the two temperatures:** On the number line, numbers to the right are greater than numbers to the left. Since 11 is to the right of -4, 11°F is warmer than -4°F.

**Key concepts:**
- Negative numbers are less than zero and are located to the left of zero on a number line.
- Positive numbers are greater than zero and are located to the right.
- The number line helps us visualize and compare negative and positive numbers easily.

**Final answer:** The morning temperature (-4°F) is colder than the afternoon temperature (11°F), because -4 is less than 11. When plotted on a number line, -4 is to the left and 11 is to the right.

You're doing a great job understanding how numbers relate on the number line! Keep practicing, and it will become even easier to compare numbers, no matter if they're positive or negative.","It's pretty obvious which temperature is higher. Just think about plotting those numbers on a line and comparing them. You should know this already, so try to figure it out without overcomplicating things."
"A diver is 23.5 feet below the surface and a bird is flying 23.5 feet above the water. What is the absolute value of each position? What do these values tell you about each one's distance from the water's surface?","MA.6.NSO.1.3","MA.6.NSO.1.2","This problem is a fantastic example of understanding and calculating absolute values, which is exactly what the skill MA.6.NSO.1.3 is all about!

Let's break this problem down step-by-step to really understand what's going on:

1. **Identifying the positions:**
   - The diver is 23.5 feet *below* the water’s surface.
   - The bird is 23.5 feet *above* the water’s surface.

2. **Understanding the signs:**
   - Since the diver is below the surface, we can think of this position as a negative distance: -23.5 feet.
   - Since the bird is above the surface, this position is positive: +23.5 feet.

3. **What is absolute value?**
   - The absolute value of a number is its distance from zero on a number line, regardless of direction.
   - Think of it as how far away something is from the water’s surface, without worrying if it’s above or below.

4. **Finding the absolute values:**
   - Absolute value of the diver’s position:
     \| -23.5 \| = 23.5
   - Absolute value of the bird’s position:
     \| 23.5 \| = 23.5

5. **Interpreting the results:**
   - Both absolute values are 23.5 feet.
   - This means both the diver and the bird are exactly 23.5 feet away from the water’s surface.
   - Even though one is below and the other is above, their distances from the surface (zero point) are the same.

**Final answer:**
- The absolute value of the diver’s position is 23.5.
- The absolute value of the bird’s position is 23.5.
- These values tell us each is 23.5 feet from the water’s surface, just in opposite directions.

Great job working through this! Remember, absolute value always tells you ""how far"" something is from zero, no matter if the number is positive or negative. Keep practicing this idea, and you’ll be a pro at understanding distance on a number line!","This is pretty straightforward if you just think about what absolute value means. It's easy once you remember that it tells you the distance from zero or something like that. You should already know this from before. Just figure out the numbers and you’ll see what they mean. No need to overthink it."
"What is the value of |-9.4|? What is the value of |3/4|? Explain what each result represents on a number line.","MA.6.NSO.1.3","MA.6.NSO.1.2","This problem is a great example of understanding and finding the absolute value of numbers, which is exactly what the skill MA.6.NSO.1.3 focuses on. Absolute value tells us how far a number is from zero on the number line, no matter if the number is positive or negative.

Let's break this down step-by-step:

1. **What does absolute value mean?**
   Absolute value is the distance a number is from zero on a number line. Distance is always positive or zero because you can't have negative distance.

2. **Find the absolute value of -9.4:**
   - The number is -9.4, which is negative.
   - To find its absolute value, we ask: How far is -9.4 from 0 on the number line?
   - The distance is 9.4 units.

   So, we write:
   \| -9.4 \| = 9.4

3. **Find the absolute value of 3/4:**
   - The number 3/4 (which is 0.75) is positive.
   - Its distance from zero is just 3/4 itself since it's already positive.

   So, we write:
   \| 3/4 \| = 3/4

4. **What does each absolute value represent on the number line?**
   - For \| -9.4 \| = 9.4, it means that -9.4 is 9.4 units to the left of zero, so its absolute value is 9.4 units away from zero.
   - For \| 3/4 \| = 3/4, it means that 3/4 is 3/4 units to the right of zero, so its absolute value is 3/4 units away from zero.

**Summary:**
- \| -9.4 \| = 9.4
- \| 3/4 \| = 3/4

Remember, absolute value always gives the positive distance from zero, so it's never negative. Great job working through this! Understanding absolute value helps you work with positive and negative numbers confidently.","It's easy, just think about what those bars around the numbers mean. You should already know how this works from before. The values are positive or something like that. On the number line, it's just about positions, nothing complicated. Try to figure it out yourself."
"Mount Olympus has an elevation of 2,917 meters above sea level. The Dead Sea has an elevation of about 430 meters below sea level. Which location has a greater distance from sea level? By how many meters?","MA.6.NSO.1.4","MA.6.NSO.1.3","This problem is a great example of understanding and comparing integers, especially when they represent elevations above and below sea level. This matches the skill MA.6.NSO.1.4, which focuses on comparing and understanding integers in real-world situations.

Let's carefully work through this problem step-by-step:

1. **Identify the elevations:**
   - Mount Olympus is 2,917 meters above sea level. Because it's above sea level, we can think of this as a positive number: +2,917.
   - The Dead Sea is about 430 meters below sea level. Since it's below sea level, we represent this as a negative number: -430.

2. **What does the problem ask?**
   - Which location has a greater distance from sea level?
   - By how many meters?

3. **Understanding ""distance from sea level"":**
   - Distance from sea level here means how far away the place is vertically from sea level, regardless of whether above or below.
   - In math, this is called the **absolute value** of the elevation number, which means ignore the sign and just look at the size of the number.

4. **Find the absolute values:**
   - |+2,917| = 2,917 meters
   - |-430| = 430 meters

5. **Compare the distances:**
   - 2,917 meters (Mount Olympus) is greater than 430 meters (Dead Sea).

6. **Find by how many meters:**
   - Subtract the smaller distance from the larger distance:
     2,917 − 430 = 2,487 meters

**Summary of the key ideas:**
- Positive numbers mean above sea level; negative numbers mean below.
- Absolute value tells us distance from zero (sea level), ignoring direction.
- Comparing absolute values helps us find which place is farther from sea level.

**Final answer:**
- Mount Olympus has a greater distance from sea level.
- It is 2,487 meters farther from sea level than the Dead Sea.

Great job working through this! Understanding how to use absolute value with real-world numbers like elevations is an important math skill that helps you make sense of positive and negative values.","This isn't too hard. Just think about the numbers and what they mean. You should already know how to figure this out from before. It’s really just about comparing something and doing some math you’ve done. Give it another try."
"A stock's price was $32 on Monday. By Tuesday it had changed by $4.50. By Wednesday it had changed by another amount. If the Wednesday price is $29.75, what was the change from Tuesday to Wednesday? Is there more than one possible answer? Explain.","MA.6.NSO.1.4","MA.6.NSO.1.3","This problem is a wonderful example of understanding and working with integer and decimal additions and subtractions to find changes in values over time—which matches the skill MA.6.NSO.1.4 about calculating changes in numbers, including negative changes.

Let's break down the problem step-by-step:

1. **Identify the starting information:**
   - On Monday, the stock price was $32.00.
2. **Understand the change by Tuesday:**
   - The price changed by $4.50 on Tuesday. But we don’t know if this change was an increase or decrease.
3. **Find the Tuesday price:**
   - Since we don’t know if the $4.50 change was up or down, we have two possibilities:
     - If the price went up, Tuesday price = Monday price + 4.50 = 32 + 4.50 = 36.50
     - If the price went down, Tuesday price = 32 - 4.50 = 27.50
4. **Use Wednesday’s price to find the change from Tuesday to Wednesday:**
   - We know the Wednesday price is $29.75.
   - Again, since we don’t know if the change was up or down, but we do know the starting Tuesday price (from step 3), we can find the change by subtracting Tuesday price from Wednesday price.

Let's compute these two scenarios:

**Scenario 1 (Tuesday price = $36.50):**
- Change from Tuesday to Wednesday = Wednesday price - Tuesday price
- = 29.75 - 36.50 = -6.75
- This means the price decreased by $6.75 from Tuesday to Wednesday.

**Scenario 2 (Tuesday price = $27.50):**
- Change from Tuesday to Wednesday = 29.75 - 27.50 = 2.25
- This means the price increased by $2.25 from Tuesday to Wednesday.

**Summary & Explanation:**
- The changes from Tuesday to Wednesday depend on whether the Tuesday price was up or down compared to Monday.
- Since the problem does NOT specify whether the $4.50 change was an increase or decrease, there are TWO possible answers:
  1. If Tuesday price went up by $4.50, then the Wednesday change was a decrease of $6.75.
  2. If Tuesday price went down by $4.50, then the Wednesday change was an increase of $2.25.

**Key concepts:**
- When we are given a starting value and a change, but the direction (increase or decrease) is unknown, we must consider both possibilities.
- Changes in price can be positive (price goes up) or negative (price goes down).
- The change between two days is found by subtracting the earlier price from the later price.

**Final answers:**
- The change from Tuesday to Wednesday could be either -$6.75 or +$2.25.
- Yes, there is more than one possible answer because the problem doesn’t state whether the initial $4.50 change was an increase or decrease.

Great job thinking through the different possibilities! Keep practicing identifying increases and decreases to become super confident with price changes and number operations.","Look, this isn’t rocket science. You just need to figure out how the price changed each day, like before. Since you already saw the stock prices and changes, this should be straightforward. Is there more than one answer? Well, think about it yourself. You know what to do."
"A school store sells pencils for $0.35 each. The store collected $24.85 in pencil sales on Monday. How many pencils were sold?","MA.6.NSO.2.1","","This problem is a wonderful example of understanding and solving division problems involving decimals, which matches the skill MA.6.NSO.2.1 about performing operations with decimals.

Let's break this problem down carefully and step by step:

1. **Understand the problem:** The store sells pencils at $0.35 each, and they collected exactly $24.85 from pencil sales on Monday. We need to find out **how many pencils** were sold.

2. **Identify what the question is asking:** How many pencils equal $24.85 if each pencil costs $0.35?

3. **Set up the equation:** If each pencil costs $0.35, and the total sales amount is $24.85, then the number of pencils sold can be found by dividing the total amount collected by the price per pencil. This means:

   \[ \text{Number of pencils} = \frac{24.85}{0.35} \]

4. **Perform the division:** Dividing decimals might seem tricky, but we can make it easier:

   - First, eliminate the decimals by multiplying both numbers (dividend and divisor) by 100 because 0.35 has two decimal places.

   - So,

     \[ 24.85 \times 100 = 2485 \quad \text{and} \quad 0.35 \times 100 = 35 \]

   - Now, divide 2485 by 35:

     Let's do that step by step:

     - How many times does 35 go into 248? 35 × 7 = 245, which fits 7 times (because 35 × 8 = 280, which is too big).

     - Subtract 245 from 248: 248 - 245 = 3

     - Bring down the next digit (5), so now we have 35.

     - 35 goes into 35 exactly 1 time.

     - No remainder.

   - Therefore, 2485 ÷ 35 = 71.

5. **Interpret the result:** This means the school store sold **71 pencils** on Monday.


**Key concepts explained:**
- Dividing decimals: You can make the divisor a whole number by multiplying both dividend and divisor by the same power of 10. This doesn’t change the quotient.
- Finding the number of items when you know the total cost and price per item requires division.


**Final Answer:** The store sold **71 pencils** on Monday.

Great job working through the division and understanding how decimals work in real-life problems! Keep practicing and you’ll keep getting better!","This is easy if you just think about it the right way. You know how to solve these kinds of problems already, so just do what you normally do. There's nothing tricky here."
"A car travels at an average speed of 58.4 miles per hour. How far will it travel in 3.25 hours?","MA.6.NSO.2.1","","This problem is an excellent example of multiplying decimals to find distance, which connects to the math skill MA.6.NSO.2.1 about understanding and performing operations with decimals.

Let's carefully work through this problem step-by-step:

1. **Identify what you know:** The car's average speed is 58.4 miles per hour. This means in 1 hour, the car travels 58.4 miles.

2. **Understand what is asked:** We want to find out how far the car will travel in 3.25 hours.

3. **Decide what operation to use:** Since speed × time = distance, we need to multiply 58.4 miles/hour by 3.25 hours.

4. **Set up the multiplication:**
    Distance = 58.4 × 3.25

5. **Multiply the numbers carefully:**

   - First, ignore the decimal points and multiply the numbers as if they were whole numbers:
     584 × 325
   - Let's multiply 584 by 325 step-by-step:

     584 × 325 = (584 × 300) + (584 × 20) + (584 × 5)

     - 584 × 300 = 175,200
     - 584 × 20 = 11,680
     - 584 × 5 = 2,920

     Now add those up:
     175,200 + 11,680 = 186,880
     186,880 + 2,920 = 189,800

   - So, 584 × 325 = 189,800.

6. **Place the decimal point:**

   - In 58.4, there is 1 digit after the decimal.
   - In 3.25, there are 2 digits after the decimal.

   - Total decimal places = 1 + 2 = 3

   - So, starting from the right of 189,800, count 3 digits to the left and place the decimal point:

     189,800 → 189.800

   - This means the product is 189.800, or simply 189.8 miles.

7. **Interpret the result:**
   The car will travel 189.8 miles in 3.25 hours at an average speed of 58.4 miles per hour.

**Final answer:** The car travels **189.8 miles** in 3.25 hours.

Great job! Multiplying decimals might seem tricky at first, but by ignoring decimals, multiplying as whole numbers, then carefully placing the decimal point back, you can handle any problem like this. Keep practicing and you'll become even more confident!","Just multiply and you’ll figure it out. It’s a basic speed thing—you should be able to do this without much trouble."
"A baker uses 2 1/4 cups of sugar for each batch of cookies. If she has 9 cups of sugar, how many full batches can she make?","MA.6.NSO.2.2","","This cookie problem is a great example of dividing mixed numbers, which helps us find out how many times one quantity fits into another.

Let's break this down step-by-step:

1. The baker uses 2 1/4 cups of sugar for each batch of cookies. This is a mixed number: 2 and 1/4 cups.
2. She has 9 cups of sugar in total.
3. We want to find how many full batches she can make, so we need to divide the total sugar by the sugar needed for one batch: 9 ÷ 2 1/4.

Now, let's work through the division procedure:

- Step 1: Convert the mixed number 2 1/4 into an improper fraction.
  To do this, multiply the whole number 2 by the denominator 4 and add the numerator 1:

  2 × 4 = 8
  8 + 1 = 9

  So, 2 1/4 = 9/4.

- Step 2: Rewrite the division problem with fractions:

  9 ÷ 9/4

  Since 9 is a whole number, write it as a fraction with denominator 1:

  9/1 ÷ 9/4

- Step 3: Remember that dividing by a fraction means multiplying by its reciprocal. The reciprocal of 9/4 is 4/9.

  So:

  9/1 × 4/9

- Step 4: Multiply the numerators (top numbers) and denominators (bottom numbers):

  Numerator: 9 × 4 = 36
  Denominator: 1 × 9 = 9

  So, the product is 36/9.

- Step 5: Simplify 36/9:

  36 ÷ 9 = 4

- Step 6: This means the baker can make 4 full batches of cookies with 9 cups of sugar.

Key concepts here are converting mixed numbers to improper fractions and remembering that dividing by a fraction means multiplying by the reciprocal. This helps us solve the problem accurately.

**Final answer:** The baker can make **4 full batches** of cookies with 9 cups of sugar.

Great job working through this problem—you practiced important fraction division skills that will help in many math situations!","Yeah, this one’s straightforward. Just think about how many times the sugar amount fits into the total you have. You’ve done problems like this before, so you should figure it out easily."
"What is the value of the expression 4/5 × 3 3/8?","MA.6.NSO.2.2","","This problem is a great example of multiplying fractions, especially when one number is a fraction and the other is a mixed number. Multiplying mixed numbers and fractions with procedural fluency is exactly what this problem helps practice.

Let's break this down step by step:

1. **Understand the numbers:**
   - The first number is 4/5, which is already a fraction.
   - The second number is 3 3/8, which is a mixed number (a whole number and a fraction combined).

2. **Convert the mixed number to an improper fraction:**
   - To multiply, it’s easier if both numbers are fractions.
   - To do this for 3 3/8, multiply the whole number part by the denominator and then add the numerator:
     - Whole number: 3
     - Numerator: 3
     - Denominator: 8
     - Calculate: (3 × 8) + 3 = 24 + 3 = 27
   - So, 3 3/8 as an improper fraction is 27/8.

3. **Set up the multiplication:**
   - Multiply 4/5 by 27/8.

4. **Multiply the numerators and denominators:**
   - Numerators: 4 × 27 = 108
   - Denominators: 5 × 8 = 40
   - So, 4/5 × 27/8 = 108/40.

5. **Simplify the fraction:**
   - Both 108 and 40 can be divided by 4.
   - 108 ÷ 4 = 27
   - 40 ÷ 4 = 10
   - So the simplified fraction is 27/10.

6. **Convert the improper fraction back to a mixed number:**
   - Divide the numerator by the denominator: 27 ÷ 10 = 2 with a remainder of 7.
   - So, 27/10 = 2 7/10.

**Final answer:**

4/5 × 3 3/8 = 2 7/10.

Great job! You’ve practiced how to multiply a fraction by a mixed number by converting the mixed number to an improper fraction, multiplying fractions, simplifying, and converting back to a mixed number. Keep up the excellent work!","This is pretty easy. Just think about the numbers and do what you usually do with fractions. You should be able to figure it out without much trouble."
"Marcus has $45.00. He buys a book for $12.75 and a notebook for $3.50. He wants to use the remaining money to buy pens that cost $0.85 each. What is the greatest number of pens Marcus can buy?","MA.6.NSO.2.3","","This problem is a wonderful example of working with decimals and using subtraction and division to solve a real-life money problem.

Let's carefully break it down step-by-step:

1. **Start with the total money Marcus has:** He has $45.00.
2. **Subtract the cost of the book:** The book costs $12.75.
3. **Subtract the cost of the notebook:** The notebook costs $3.50.

After buying the book and notebook, Marcus will have some money left. We want to find out how much.

4. **Calculate the remaining money:**
   - First, subtract the cost of the book from $45.00:
     $45.00 - $12.75 = $32.25
   - Then subtract the cost of the notebook from $32.25:
     $32.25 - $3.50 = $28.75

So, Marcus has $28.75 left.

5. **Find out how many pens he can buy with $28.75:**
   - Each pen costs $0.85.
   - To find out how many pens he can buy, divide the remaining money by the cost per pen:

     $28.75 ÷ $0.85

Let's do that division:

- $0.85 goes into $28.75 how many times?

To make division easier, think of these as whole numbers by multiplying numerator and denominator by 100:

28.75 ÷ 0.85 = 2875 ÷ 85

Now divide 2875 by 85:

- 85 × 30 = 2550 (still less than 2875)
- 85 × 33 = 2805 (still less than 2875)
- 85 × 34 = 2890 (too big)

So, the greatest whole number of pens Marcus can buy is 33.

**Summary:**
- Marcus starts with $45.00
- Spends $12.75 on a book, left with $32.25
- Spends $3.50 on a notebook, left with $28.75
- Each pen costs $0.85
- $28.75 ÷ $0.85 = 33 pens (maximum he can buy without running out of money)

**Final answer:** Marcus can buy **33 pens**.

Great job working through the problem! You used subtraction carefully to find the remaining money and division to see how many pens fit into that amount. Understanding decimals and their operations is very important, and you handled it perfectly!","Look, it's kinda easy if you just think about what he's buying and how much money he started with. You should know how to figure out how many pens he can get without much trouble. Just try to remember what you've done before with money and pretty much do the same here."
"A hiking trail is 6 3/4 miles long. The hiking club completed 2 1/2 miles on Saturday and 1 3/4 miles on Sunday. How many miles of the trail do they still need to complete?","MA.6.NSO.2.3","","This hiking trail problem is a great example of adding and subtracting mixed numbers with fractions, which helps us practice working with all parts of numbers carefully.

Let's break this down step-by-step:

1. We know the entire hiking trail is 6 3/4 miles long. This is a mixed number, which means it has a whole number (6) and a fraction (3/4).

2. The hiking club completed 2 1/2 miles on Saturday. This is another mixed number: 2 and 1/2 miles.

3. On Sunday, they hiked 1 3/4 miles. Again, a mixed number: 1 and 3/4 miles.

4. We want to find out how many miles they still need to hike. To do that, we will subtract the total miles completed from the entire trail length.

First, let's find the total miles completed on both days by adding 2 1/2 and 1 3/4.

Step 1: Add 2 1/2 and 1 3/4.
- Convert to improper fractions to make adding easier.
  - 2 1/2 = (2 × 2 + 1) / 2 = 5/2
  - 1 3/4 = (1 × 4 + 3) / 4 = 7/4

- To add fractions, they must have a common denominator.
  - The denominators are 2 and 4. The least common denominator (LCD) is 4.
  - Convert 5/2 to fourths: 5/2 = (5 × 2) / (2 × 2) = 10/4

- Now add:
  10/4 + 7/4 = (10 + 7) / 4 = 17/4

- Convert 17/4 back to a mixed number:
  - Divide 17 by 4: 4 goes into 17 four times (4 × 4 = 16) with a remainder of 1.
  - So, 17/4 = 4 1/4 miles completed in total.

Step 2: Subtract total completed miles from the trail length.
- Trail length: 6 3/4 miles
- Completed: 4 1/4 miles

- Convert both to improper fractions:
  - 6 3/4 = (6 × 4 + 3) / 4 = (24 + 3)/4 = 27/4
  - 4 1/4 = (4 × 4 + 1) / 4 = (16 + 1)/4 = 17/4

- Subtract:
  27/4 - 17/4 = (27 - 17)/4 = 10/4

- Simplify 10/4:
  - Both numerator and denominator can be divided by 2: 10 ÷ 2 = 5, 4 ÷ 2 = 2
  - So, 10/4 = 5/2

- Convert 5/2 to a mixed number:
  - 5 divided by 2 is 2 with a remainder of 1, so 5/2 = 2 1/2

**Answer:** The hiking club still needs to complete 2 1/2 miles of the trail.

Remember, working with mixed numbers often becomes easier if you convert them to improper fractions first for adding or subtracting, then convert back to mixed numbers for your final answer. You did a great job following all these steps, and now you can solve similar problems with confidence!","This is pretty simple. Just think about the numbers you have and do something with the fractions. It's nothing complicated, you should know this already."
"Two buses leave the same station. Bus A departs every 15 minutes and Bus B departs every 12 minutes. If both depart at 8:00 a.m., at what time will they next depart together?","MA.6.NSO.3.1","","{
  ""content"": ""This problem is a fantastic example of using the Least Common Multiple (LCM) to solve real-world problems involving repeated events happening at different intervals.\n\nLet's work through the problem step-by-step:\n\n1. **Understand the problem:**\n   - Bus A leaves every 15 minutes.\n   - Bus B leaves every 12 minutes.\n   - Both buses leave together at 8:00 a.m.\n   - We want to know the next time they will both leave together again.\n\n2. **What does \""both leave together again\"" mean?**\n   It means we are looking for a time that is a multiple of both 15 minutes and 12 minutes after 8:00 a.m. This is exactly the Least Common Multiple (LCM) of 15 and 12!\n\n3. **Find the prime factorizations:**\n   - 15 = 3 × 5\n   - 12 = 2 × 2 × 3\n\n4. **Find the LCM:**\n   - Take each prime number the greatest number of times it appears in either factorization.\n   - For 2: highest power is \(2^2 = 4\) (from 12)\n   - For 3: appears once in both\n   - For 5: appears once in 15\n   \n   So, LCM = 2² × 3 × 5 = 4 × 3 × 5 = 60\n\n5. **Interpret what 60 means:**\n   - 60 minutes after 8:00 a.m. means both buses will leave together again at 9:00 a.m.\n\n**Final answer:** Bus A and Bus B will next depart together at **9:00 a.m.**\n\nGreat job! Understanding how to find the LCM helps you solve problems about events happening repeatedly over time. Keep practicing, and these concepts will become even clearer!""
}","This is pretty simple. Just think about the times and how they line up. You should be able to figure out when both buses leave together again without much trouble. It's nothing complicated, just use what you know."
"A florist has 48 roses and 36 carnations. She wants to create identical bouquets using all the flowers with no leftovers. What is the greatest number of bouquets she can make? How many of each flower will be in each bouquet?","MA.6.NSO.3.1","","This problem is a great example of using the greatest common factor (GCF) to divide things equally without leftovers. The skill we’re practicing here is finding the greatest number of identical groups you can make from given amounts, which is all about finding the GCF of two numbers.

Let’s break the problem down step-by-step:

1. **Understand what’s given:**
   - The florist has 48 roses.
   - The florist has 36 carnations.
   - She wants to make identical bouquets using all the flowers.
   - No flowers should be left over.

2. **What is the question asking?**
   - What is the greatest number of bouquets she can make?
   - How many roses and carnations will be in each bouquet?

3. **Key Concept: Greatest Common Factor (GCF)**
   - The greatest number of identical bouquets means dividing the flowers into as many equal groups as possible.
   - To do this, we find the greatest common factor of 48 and 36. This will tell us the largest number we can divide both flower amounts by without leftovers.

4. **Find the GCF of 48 and 36:**
   - First, find the factors (all numbers that divide evenly) of 48:
     1, 2, 3, 4, 6, 8, 12, 16, 24, 48
   - Then, find the factors of 36:
     1, 2, 3, 4, 6, 9, 12, 18, 36
   - Now, find the common factors (numbers on both lists):
     1, 2, 3, 4, 6, 12
   - The greatest of these common factors is 12.

5. **Use the GCF to divide the flowers:**
   - Number of bouquets = 12
   - Roses per bouquet = 48 ÷ 12 = 4
   - Carnations per bouquet = 36 ÷ 12 = 3

6. **Answer:**
   - The greatest number of bouquets she can make is **12**.
   - Each bouquet will have **4 roses** and **3 carnations**.

Great job working through this! Remember, finding the greatest common factor is a powerful strategy when you want to split things into equal groups without leftovers. Keep practicing, and this will become super easy!","You just have to figure out how many bouquets she can make so that the numbers work out. It's really straightforward if you think about it the right way. Just use what you already know and the answer will come to you. No need to overcomplicate things."
"Rewrite 56 + 84 in the form a(b + c) where a is the greatest common factor of 56 and 84 and b and c are whole numbers. Verify that your expression equals 56 + 84.","MA.6.NSO.3.2","MA.6.NSO.3.1","This problem is a great example of using the distributive property, which lets us rewrite expressions by factoring out the greatest common factor (GCF). This helps us simplify and understand numbers better!

Let's take this step-by-step:

1. **Understand the problem:** We want to rewrite 56 + 84 in the form a(b + c), where 'a' is the greatest common factor (GCF) of 56 and 84. Then, 'b' and 'c' will be whole numbers.

2. **Find the GCF of 56 and 84:**
   - First, find the factors of each number.
     - Factors of 56: 1, 2, 4, 7, 8, 14, 28, 56
     - Factors of 84: 1, 2, 3, 4, 6, 7, 12, 14, 21, 28, 42, 84
   - The common factors are: 1, 2, 4, 7, 14, 28
   - The greatest of these is 28, so GCF(56, 84) = 28.

3. **Rewrite each number as a multiple of the GCF:**
   - 56 ÷ 28 = 2, so 56 = 28 × 2
   - 84 ÷ 28 = 3, so 84 = 28 × 3

4. **Use the distributive property:**
   - 56 + 84 = 28 × 2 + 28 × 3
   - Factor out 28: 28(2 + 3)

5. **Verify the expression:**
   - Calculate inside the parentheses: 2 + 3 = 5
   - Multiply: 28 × 5 = 140
   - Calculate original sum: 56 + 84 = 140
   - Both results are the same, so our expression is correct!

**Final answer:**

56 + 84 = 28(2 + 3)

Great job! You've just practiced finding the greatest common factor and using the distributive property to rewrite an expression in a simpler, equivalent form. Keep up the awesome work—you’re building strong math skills!","You already know how to do this from before. Just think about the numbers and factor stuff out. It's not that hard if you try. The answer should be obvious once you look at the numbers closely. No need to overcomplicate it."
"Use the distributive property to rewrite 45 + 60 as a product of the GCF and a sum of two whole numbers.","MA.6.NSO.3.2","MA.6.NSO.3.1","This problem is a great way to practice using the distributive property along with finding the greatest common factor (GCF), which helps us understand multiplication and addition in a new way!

Let's break this down step-by-step:

1. **Identify the numbers:** We have two numbers added together: 45 + 60.

2. **Find the GCF of 45 and 60:** The greatest common factor is the largest number that divides both 45 and 60 without leaving a remainder.
   - List the factors of 45: 1, 3, 5, 9, 15, 45
   - List the factors of 60: 1, 2, 3, 4, 5, 6, 10, 12, 15, 20, 30, 60
   - The common factors are 1, 3, 5, 15
   - The greatest common factor is **15**.

3. **Rewrite each number as a product of the GCF and another whole number:**
   - 45 ÷ 15 = 3, so 45 = 15 × 3
   - 60 ÷ 15 = 4, so 60 = 15 × 4

4. **Rewrite the original sum using the distributive property:**
   - 45 + 60 = (15 × 3) + (15 × 4)
   - Using the distributive property, we factor out the 15: 15 × (3 + 4)

5. **Simplify the sum inside the parentheses:** 3 + 4 = 7

6. **So, the expression becomes:** 15 × 7

**Final answer:** 45 + 60 can be rewritten as 15 × (3 + 4)

This means instead of adding 45 and 60 directly, you can factor out their greatest common factor, 15, and think of the problem as multiplying 15 by the sum of 3 and 4. This method helps in solving problems more efficiently and strengthens our understanding of multiplication and addition.

Keep practicing this skill, and soon factoring and using the distributive property will feel easy and fun!","Oh, this one’s easy. Just think about what you learned before and do the distributive thing with the numbers. You should know how to find the GCF and use it here. Try it out. It’s not that complicated."
"Evaluate (-3)^4 and -3^4. Are they equal? Explain the difference in meaning between the two expressions.","MA.6.NSO.3.3","MA.6.NSO.2.1, MA.6.NSO.2.2, MA.6.NSO.4.2","This problem is an excellent example of understanding the order of operations and how exponents work with negative numbers, which is part of the skill MA.6.NSO.3.3.

Let's break this problem down step-by-step so it's super clear:

1. **Look at the first expression**: (-3)^4
   - The parentheses mean that the negative sign is part of the base. So here, the base we're raising to the 4th power is **-3**.
   - This means we multiply -3 by itself 4 times: (-3) × (-3) × (-3) × (-3)

2. **Calculate (-3)^4**:
   - First, multiply the first two: (-3) × (-3) = 9 (because a negative times a negative is positive)
   - Next, multiply this result by the next (-3): 9 × (-3) = -27
   - Finally, multiply this by the last (-3): -27 × (-3) = 81
   So, (-3)^4 = 81

3. **Look at the second expression**: -3^4
   - Notice there are **no parentheses** around the -3. This means only the 3 is raised to the 4th power, and then we apply the negative sign afterward.
   - It’s like writing: -(3^4)

4. **Calculate 3^4** first:
   - 3 × 3 = 9
   - 9 × 3 = 27
   - 27 × 3 = 81
   So, 3^4 = 81

5. **Now apply the negative sign**:
   - -(3^4) = -81

6. **Are (-3)^4 and -3^4 equal?**
   - No! (-3)^4 = 81, but -3^4 = -81
   - The parentheses made a BIG difference!

**To understand why, remember:**
- Parentheses tell you what to include inside the exponent. If the negative sign is inside, you raise the entire negative number to the power.
- Without parentheses, the exponent applies only to the positive number, and then you add or subtract afterwards.

**Final answer:**
- (-3)^4 = 81
- -3^4 = -81

Great job thinking carefully about parentheses and exponents! Keep practicing this, and you’ll get even more confident with these important math rules.","You should know this by now. It's just about how the parentheses work, nothing complicated. Just think about it and figure out whether they are equal or not. It's really easy if you remember what you learned earlier."
"Is 2^5 equal to 5^2? Evaluate both expressions and explain your reasoning.","MA.6.NSO.3.3","MA.6.NSO.2.1, MA.6.NSO.2.2, MA.6.NSO.4.2","This problem is a great example of evaluating and comparing powers, which is part of understanding exponents — an important skill in math!

Let's break this down together step-by-step:

1. First, we need to evaluate 2^5.
   - The exponent tells us how many times to multiply the base number.
   - So, 2^5 means 2 × 2 × 2 × 2 × 2.
   - Let’s calculate it step-by-step:
     * 2 × 2 = 4
     * 4 × 2 = 8
     * 8 × 2 = 16
     * 16 × 2 = 32
   - Therefore, 2^5 = 32.

2. Next, we evaluate 5^2.
   - This means 5 × 5 because the exponent 2 tells us to multiply 5 by itself 2 times.
   - So, 5 × 5 = 25.

3. Now, we compare the two results.
   - 2^5 = 32
   - 5^2 = 25

4. Since 32 is not equal to 25, 2^5 is NOT equal to 5^2.

Key ideas to remember:
- The exponent shows how many times to multiply the base number by itself.
- Exponents follow the order of operations and do not depend on the order of the base and exponent being swapped.

So, to answer the question clearly:
No, 2^5 is not equal to 5^2 because 2^5 equals 32, while 5^2 equals 25.

Great job working through this! You’re building strong skills in understanding and computing exponents.","You should already know how to figure this out. Just think about the powers and the numbers involved—they're definitely not the same. It's pretty straightforward if you remember what we've covered before."
"List all the factors of 36. Then write 36 as a product of its prime factors using exponents.","MA.6.NSO.3.4","MA.6.NSO.3.1, MA.6.NSO.3.2, MA.6.NSO.3.3","{
  ""content"": ""This problem helps us practice an important math skill: finding all the factors of a number and then breaking that number down into its prime factors using exponents. This is part of understanding how numbers work, which is really useful in many areas of math.\n\nLet's go through the problem step-by-step:\n\n1. **Find all the factors of 36.**\n   - Factors are numbers you can multiply together to get 36.\n   - Start with 1 because 1 times any number is that number: 1 × 36 = 36.\n   - Next, check numbers in order to see if they divide 36 without leaving a remainder.\n     \n   Let's see:\n   - 2 × 18 = 36 (so 2 and 18 are factors)\n   - 3 × 12 = 36 (3 and 12 are factors)\n   - 4 × 9 = 36 (4 and 9 are factors)\n   - 5 doesn't work because 36 ÷ 5 = 7.2 (not whole)\n   - 6 × 6 = 36 (6 is a factor that pairs with itself)\n   \n   So, all factors of 36 are: 1, 2, 3, 4, 6, 9, 12, 18, 36.\n\n2. **Write 36 as a product of its prime factors with exponents.**\n   - Prime factors are factors that are prime numbers, which means they can only be divided by 1 and themselves.\n   - Let's break 36 down by dividing it by the smallest prime number possible until we reach 1.\n\n   Start dividing by 2:\n   - 36 ÷ 2 = 18\n   - 18 ÷ 2 = 9 (can't divide 9 by 2 evenly anymore)\n\n   Now divide by the next smallest prime, 3:\n   - 9 ÷ 3 = 3\n   - 3 ÷ 3 = 1 (we have reached 1, so we are done)\n\n   So the prime factors are two 2's and two 3's.\n\n   We write this using exponents to show how many times each prime number is used:\n   - \(2^2 \\times 3^2\)\n\n**Final answers:**\n- Factors of 36: 1, 2, 3, 4, 6, 9, 12, 18, 36\n- Prime factorization using exponents: \(2^2 \\times 3^2\)\n\nGreat job working through this! Finding factors and prime factorization helps build a strong foundation for understanding numbers deeply. Keep up the good work!""
}","This is easy if you just think about what factors are. You probably already know how to do prime factors with exponents. Just do it like before and you’ll get it."
"Express 120 as a product of its prime factors with natural number exponents.","MA.6.NSO.3.4","MA.6.NSO.3.1, MA.6.NSO.3.2, MA.6.NSO.3.3","This problem is a fantastic way to practice expressing a number as a product of its prime factors using natural number exponents. This skill helps you understand the building blocks of numbers and is useful for many areas in math, like finding common factors or simplifying fractions.

Let's break this down into clear steps:

1. **Understand what prime factors are:** Prime factors are the prime numbers that multiply together to make the original number. A prime number is a number greater than 1 that has no divisors other than 1 and itself.

2. **Start with the number 120 and find its prime factors by dividing by the smallest prime numbers step-by-step.**

3. **Keep dividing until you reduce the number to 1, collecting all the prime factors along the way.**

Let's do the work together!

- Start with 120.
- Divide by 2 (the smallest prime): 120 ÷ 2 = 60
- Again, divide 60 by 2: 60 ÷ 2 = 30
- Divide 30 by 2 once more: 30 ÷ 2 = 15
  - Now 15 is not divisible by 2, so move to the next prime number, which is 3.
- Divide 15 by 3: 15 ÷ 3 = 5
- 5 is a prime number itself, so divide by 5: 5 ÷ 5 = 1

Now, collect all the prime factors we used: 2, 2, 2, 3, and 5.

Next, write these using natural number exponents (which tell us how many times a prime factor is repeated):

- We have three 2's, so that’s 2³
- One 3, so 3¹ (we usually don’t write the exponent if it’s 1)
- One 5, so 5¹

**Putting it all together:**

120 = 2³ × 3 × 5

That means 120 is made by multiplying 2 multiplied by itself three times, then multiplied by 3, and then by 5.

Great job! Remember, prime factorization helps us break down numbers into simple, prime blocks that are easier to work with. Keep practicing, and this will become second nature!","This is pretty straightforward. Just think about what prime factors are and apply that here. You should be able to figure it out on your own. It's nothing complicated."
"What fraction and decimal are equivalent to 65%?","MA.6.NSO.3.5","MA.6.NSO.1.1","This problem is a great example of converting percents to fractions and decimals, which is an important skill in understanding numbers in different forms.

Let's break this problem down into clear steps:

1. Understand that 65% means 65 out of 100. The symbol % means ""per hundred,"" so 65% = 65/100.

2. Write 65% as a fraction: 65% = \( \frac{65}{100} \).

3. Simplify the fraction by finding the greatest common divisor (GCD) of 65 and 100.
   - Factors of 65 are 1, 5, 13, 65.
   - Factors of 100 include 1, 2, 4, 5, 10, 20, 25, 50, 100.
   - The largest common factor they share is 5.

4. Divide both numerator and denominator by 5:
   \[
   \frac{65 \div 5}{100 \div 5} = \frac{13}{20}
   \]

5. So, the fraction equivalent to 65% is \( \frac{13}{20} \).

6. Now, convert 65% to a decimal. Since percent means per hundred, dividing by 100 gives the decimal:
   \[
   65\% = \frac{65}{100} = 0.65
   \]

### Key ideas to remember:
- Percent means ""out of 100,"" so to convert a percentage to a fraction, put the percent number over 100.
- Simplify the fraction if possible by dividing numerator and denominator by their greatest common divisor.
- To convert a percentage to a decimal, divide by 100 or move the decimal point two places to the left.

### Final Answers:
- Fraction equivalent to 65%: \( \frac{13}{20} \)
- Decimal equivalent to 65%: 0.65

Great job working through these steps! You're getting stronger at understanding how percentages, fractions, and decimals are connected.","Oh, come on, this is easy stuff you should already know. Just think about percentages and how they usually turn into fractions and decimals. It's not that hard, really. You can figure it out if you try, so stop overcomplicating it."
"Complete the following statement: 3/8 can be written as the decimal _______ and is equivalent to ______ percent.","MA.6.NSO.3.5","MA.6.NSO.1.1","This problem is a great example of writing a fraction as both a decimal and a percent. It helps us understand how fractions, decimals, and percents are connected, which is an important skill in math.

Let's break it down step-by-step:

1. We start with the fraction 3/8.

2. To write 3/8 as a decimal, we divide the numerator (top number) by the denominator (bottom number): 3 ÷ 8.

3. Let's do the division:
   - 8 does not go into 3, so we write 0 and then add a decimal point and zeros to continue dividing.
   - 8 into 30 goes 3 times (because 8 × 3 = 24), with a remainder of 6.
   - Bring down another 0, making it 60.
   - 8 into 60 goes 7 times (8 × 7 = 56), remainder 4.
   - Bring down another 0, making it 40.
   - 8 into 40 goes 5 times exactly (8 × 5 = 40), remainder 0.

So,
3 ÷ 8 = 0.375

4. Now, to convert the decimal 0.375 to a percent, remember: ""percent"" means ""per 100,"" so we multiply the decimal by 100.

0.375 × 100 = 37.5

5. Finally, attach the percent sign (%) to get 37.5%.

**Key points to remember:**
- Dividing numerator by denominator converts a fraction to a decimal.
- Multiplying a decimal by 100 turns it into a percent.
- Always include the percent sign when writing a percent.

**Answer:** 3/8 can be written as the decimal 0.375 and is equivalent to 37.5 percent.

Great job working through this problem! Keep practicing and these connections between fractions, decimals, and percents will become even easier.","You already know how to change fractions to decimals and percents, so just think about it and figure it out. It's easy if you try. No need to overcomplicate things."
"Evaluate -13 + 7 - (-4).","MA.6.NSO.4.1","MA.6.NSO.1.1, MA.6.NSO.1.2, MA.6.NSO.1.3, MA.6.NSO.1.4","This problem is a great example of adding and subtracting integers, especially when you work with negative numbers. The skill here is understanding how to combine positive and negative numbers correctly.

Let's break this down step-by-step:

1. The expression is: -13 + 7 - (-4).
2. Notice the two subtraction signs before the last number. Subtracting a negative number is the same as adding its positive. So, - (-4) becomes +4.
3. Now rewrite the expression: -13 + 7 + 4.

Let's compute it in order:

Step 1: Start with -13 and add 7.
-13 + 7 means you're adding 7 to -13.
Think of -13 as being 13 steps below zero. Adding 7 moves you 7 steps up toward zero.
-13 + 7 = -6 (because -13 + 7 = -6).

Step 2: Now add 4 to the result from Step 1.
-6 + 4 means starting at -6, then moving 4 steps up.
-6 + 4 = -2.

So, the full computation looks like this:
-13 + 7 - (-4) = -13 + 7 + 4 = (-13 + 7) + 4 = -6 + 4 = -2.

Key Concepts:
- Subtracting a negative number turns into addition of a positive number.
- Adding a positive number to a negative number moves you closer to zero.
- Keep track of signs carefully and work step by step.

Final Answer: -2

Great job! You've mastered how to add and subtract integers, including handling the tricky part of subtracting negatives. Keep practicing, and this will feel even easier!","This one’s easy if you just think about how addition and subtraction work. You probably already know what to do. Try it again and you’ll see."
"A football team gained 6 yards on the first play, lost 8 yards on the second play, and gained 3 yards on the third play. What is the team's total yardage after the three plays?","MA.6.NSO.4.1","MA.6.NSO.1.1, MA.6.NSO.1.2, MA.6.NSO.1.3, MA.6.NSO.1.4","This football yardage problem is a great example of adding and subtracting integers, which is exactly what the skill MA.6.NSO.4.1 focuses on — understanding how to compute with positive and negative numbers.

Let's break this down step-by-step:

1. **Identify the numbers and whether they are gains or losses.**
   - The team gained 6 yards on the first play. That means +6 yards.
   - The team lost 8 yards on the second play. Losing yards means -8 yards.
   - The team gained 3 yards on the third play. That’s +3 yards.

2. **Write down the expression that represents the total yardage after the three plays.**

   Total yards = 6 + (-8) + 3

3. **Compute step-by-step:**

   First, let's add 6 and -8.
   - Remember, adding a negative number is the same as subtracting its positive counterpart.
   - So, 6 + (-8) = 6 - 8.
   - Since 8 is larger than 6, we go 8 - 6 = 2 steps below zero.
   - That means 6 + (-8) = -2.

4. **Now add the last number, which is +3:**

   Starting from -2, add +3.
   - Think of this like moving on a number line: starting at -2, moving 3 steps to the right.
   - -2 + 3 = 1.

5. **So, the team's total yardage after the three plays is 1 yard gain.**

**Key Concepts to Remember:**
- Gains are positive numbers (+).
- Losses are negative numbers (-).
- Adding a negative number means subtracting.
- When subtracting a larger number from a smaller one, your result is negative.
- Use a number line to visualize adding and subtracting positive and negative numbers — it really helps!

**Final answer:** The team’s total yardage after the three plays is **1 yard**.

Great job working through these integer operations! Keep practicing, and these will get even easier.","This is easy stuff. Just think about the yards here and there. You probably already know how to handle this from the other problems. No need to overcomplicate it."
"What is the value of (-4) × (-9)?","MA.6.NSO.4.2","MA.6.NSO.1.1, MA.6.NSO.1.2, MA.6.NSO.1.3, MA.6.NSO.1.4","This problem is a great example of multiplying integers with understanding why signs matter, which is an important part of the skill MA.6.NSO.4.2.

Let's break this down step-by-step:

1. The problem asks us to find the value of (-4) × (-9).

2. First, look at the numbers: -4 and -9. Both are negative integers because they have a minus signs in front.

3. When multiplying two integers, we multiply their absolute values (which means the numbers without the signs). So, multiply 4 × 9.

4. Calculate 4 × 9 = 36.

5. Now, here is a key concept to understand: when you multiply two negative numbers, the product is positive. This happens because the negatives 'cancel out.'

6. Since both numbers are negative, the answer will be positive 36.

So, putting it all together:
(-4) × (-9) = 4 × 9 = 36 (and the sign is positive because negative times negative equals positive).

Final Answer: 36

Remember: Multiplying two negative numbers always gives a positive result. Keep practicing this and you'll be confident with multiplying integers!","This is easy, you should know how to handle negatives by now. Just think about it and get the answer yourself."
"A submarine descends at a rate of 15 meters per minute. Write a multiplication expression to represent its depth after 6 minutes starting from sea level, then evaluate it.","MA.6.NSO.4.2","MA.6.NSO.1.1, MA.6.NSO.1.2, MA.6.NSO.1.3, MA.6.NSO.1.4","This problem is a great example of using multiplication to model and solve a real-world situation involving rates and time, which matches the skill MA.6.NSO.4.2.

Let's break down the problem step-by-step:

1. Understand what the problem is asking. A submarine is descending at a rate of 15 meters per minute. We want to find how deep it is after 6 minutes starting from sea level.

2. Identify the quantities involved:
   - Rate of descent: 15 meters per minute (this means every minute, it goes 15 meters deeper)
   - Time: 6 minutes

3. Write a multiplication expression to represent the total depth after 6 minutes. Since the submarine goes 15 meters every minute, after 6 minutes it will be 15 meters × 6 minutes deep.

4. Now, let's multiply:
   15 × 6 = ?

5. To multiply 15 by 6, we can break it down:
   - 15 is 10 + 5
   - Multiply each by 6:
     10 × 6 = 60
     5 × 6 = 30
   - Add the results:
     60 + 30 = 90

6. So, the submarine's depth after 6 minutes is 90 meters below sea level.

Key concepts and procedures to remember:
- When something happens at a steady rate (like descending 15 meters every minute), multiplying the rate by the time gives the total change.
- Multiplication of whole numbers can be broken into parts to make it easier.
- The expression 15 × 6 directly models this problem.

Final answer:
The submarine's depth after 6 minutes is **90 meters** below sea level.

Great job working through this! Keep practicing multiplication with real-life situations and you'll keep getting stronger at math!","This is pretty straightforward. Just multiply something by something else, and you'll get the result. You should already know how to do this from before. It's not that hard, just think about it a bit more."
